PRAGMA foreign_keys=OFF;
BEGIN TRANSACTION;
CREATE TABLE `system_stacks` (`stackId` UUIDV4 PRIMARY KEY, `stackName` VARCHAR(255) NOT NULL, `description` VARCHAR(2048) NOT NULL DEFAULT '', `remoteSource` VARCHAR(1024), `localPath` VARCHAR(1024) NOT NULL, `configuration` TEXT, `isEnabled` TINYINT(1) NOT NULL DEFAULT 1, `createdAt` DATETIME NOT NULL, `updatedAt` DATETIME NOT NULL);
INSERT INTO system_stacks VALUES('65ab9f06-d403-4943-a7c7-50db46d55ddf','system','Functions used by the system including the basic User Management, some basic controls, routes related to loading SPA data.',NULL,'C:\Users\PaulLovelace\OneDrive\Apps\dev\mead\node_modules\hotspring-framework\stacks_builtin\system',NULL,1,'2025-06-17 21:26:34.587 +00:00','2025-06-17 21:26:34.587 +00:00');
INSERT INTO system_stacks VALUES('3526c985-4ced-4744-90c1-093e742817ac','ansible','Parses and Executes Ansible Playbooks. Also provices an IDE to edit Ansible Roles and Playbooks.',NULL,'C:\Users\PaulLovelace\OneDrive\Apps\dev\mead\stacks\ansible',NULL,1,'2025-06-17 21:26:34.630 +00:00','2025-06-17 21:26:34.630 +00:00');
INSERT INTO system_stacks VALUES('d9ef34a5-7d0d-444c-9fee-fc0098e62a7d','datatables','Datatables.net-based table. Includes helper to replate uiTable.',NULL,'C:\Users\PaulLovelace\OneDrive\Apps\dev\mead\stacks\dataTables',NULL,1,'2025-06-17 21:26:34.663 +00:00','2025-06-17 21:26:34.663 +00:00');
INSERT INTO system_stacks VALUES('f1d585a8-b6d4-4259-b39d-3477b2b9085c','meadcore','These are the core components of the Mead stack.',NULL,'C:\Users\PaulLovelace\OneDrive\Apps\dev\mead\stacks\meadCore',NULL,1,'2025-06-17 21:26:34.687 +00:00','2025-06-17 21:26:34.687 +00:00');
INSERT INTO system_stacks VALUES('12e83d0c-9e0d-44d1-9e56-76916b28be17','snmp','Process of walking the SNMP tree and breaking down specific MIBs into objects.',NULL,'C:\Users\PaulLovelace\OneDrive\Apps\dev\mead\stacks\snmp',NULL,1,'2025-06-17 21:26:34.713 +00:00','2025-06-17 21:26:34.713 +00:00');
INSERT INTO system_stacks VALUES('532a1f7e-7ada-4523-b771-f34f37e1f20d','syslog','Everything associated with Syslog Collection and parsing.',NULL,'C:\Users\PaulLovelace\OneDrive\Apps\dev\mead\stacks\syslog',NULL,1,'2025-06-17 21:26:34.739 +00:00','2025-06-17 21:26:34.739 +00:00');
CREATE TABLE `system_jobs` (`jobID` UUIDV4 PRIMARY KEY, `jobTemplateID` UUIDV4 NOT NULL, `jobName` VARCHAR(255) NOT NULL, `runInterval` INTEGER NOT NULL DEFAULT 4, `runIntervalUnits` VARCHAR(255) NOT NULL DEFAULT 'hour', `runCount` INTEGER NOT NULL DEFAULT 1, `priority` INTEGER NOT NULL DEFAULT 5, `retryCount` INTEGER NOT NULL DEFAULT 0, `maxRetries` INTEGER NOT NULL DEFAULT 3, `nextRun` DATETIME NOT NULL, `executeStart` DATETIME, `executeStop` DATETIME, `executeHeartbeat` DATETIME, `executeBy` VARCHAR(255), `configuration` JSON NOT NULL DEFAULT '{}', `enabled` TINYINT(1) NOT NULL DEFAULT 0, `jobStatus` SMALLINT NOT NULL DEFAULT 0, `organizationID` UUIDV4, `createdAt` DATETIME NOT NULL, `updatedAt` DATETIME NOT NULL);
CREATE TABLE `system_joblogs` (`logID` INTEGER PRIMARY KEY AUTOINCREMENT, `jobID` INTEGER NOT NULL, `logLine` TEXT NOT NULL, `logReferenceModel` VARCHAR(255), `logReferenceID` INTEGER, `logStatus` INTEGER NOT NULL DEFAULT 0, `createdAt` DATETIME NOT NULL, `updatedAt` DATETIME NOT NULL);
CREATE TABLE `system_jobtemplates` (`jobTemplateID` UUIDV4 NOT NULL PRIMARY KEY, `stack` VARCHAR(255) NOT NULL, `jobTemplateName` VARCHAR(255) NOT NULL, `jobTemplateLanguage` VARCHAR(255) NOT NULL DEFAULT 'javascript', `jobTemplateCommand` VARCHAR(255), `jobTemplateType` VARCHAR(255) NOT NULL DEFAULT 'user-initiated', `description` VARCHAR(255) NOT NULL, `defaultInterval` INTEGER NOT NULL DEFAULT 4, `defaultIntervalUnits` VARCHAR(255) NOT NULL DEFAULT 'once', `defaultRunCount` INTEGER NOT NULL DEFAULT 1, `defaultConfiguration` JSON NOT NULL DEFAULT '{}', `isEnabled` TINYINT(1) NOT NULL DEFAULT 0, `supportsPause` TINYINT(1) NOT NULL DEFAULT 0, `supportsCancel` TINYINT(1) NOT NULL DEFAULT 0, `supportsUndo` TINYINT(1) NOT NULL DEFAULT 0, `createdAt` DATETIME NOT NULL, `updatedAt` DATETIME NOT NULL);
CREATE TABLE `system_organizations` (`organizationID` UUIDV4 PRIMARY KEY, `name` VARCHAR(255) NOT NULL, `description` VARCHAR(255), `streetAddress` VARCHAR(255), `phonenumber` VARCHAR(255), `ownerUserID` UUIDV4, `technicalContact` VARCHAR(255), `technicalContactEmail` VARCHAR(255), `technicalContactPhone` VARCHAR(255), `technicalContactNotes` TEXT, `billingContact` VARCHAR(255), `billingContactEmail` VARCHAR(255), `billingContactPhone` VARCHAR(255), `billingContactNotes` TEXT, `schedulingContact` VARCHAR(255), `schedulingContactEmail` VARCHAR(255), `schedulingContactPhone` VARCHAR(255), `schedulingContactNotes` TEXT, `createdAt` DATETIME NOT NULL, `updatedAt` DATETIME NOT NULL);
INSERT INTO system_organizations VALUES('8248c465-3713-4a71-a025-67d5bcd181ad','Nexora Solutions','Cloud-native enterprise software provider','1438 Willow Bend Dr, Springfield, IL 62704','(217) 555-7291','cf40da73-4c13-4497-89cf-212ffdef0659','Jamie Chen','jchen@nexora.com','(217) 555-9203','Handles cloud integration and backend infrastructure.','Mark Redford','mredford@nexora.com','(217) 555-5582','Contact for invoicing and payment issues.','Alicia Dominguez','adominguez@nexora.com','(217) 555-3321','Coordinates system update and deployment timelines.','2025-06-17 21:26:35.307 +00:00','2025-06-17 21:26:35.307 +00:00');
INSERT INTO system_organizations VALUES('49d06aa0-8567-439c-a118-4707cacd3737','Bluegrid Technologies','IoT and smart sensor hardware manufacturing','6281 Bayview Terrace, Tampa, FL 33615','(813) 555-1843','b9eb34a3-246d-4674-a9bf-db477e20ce2e','Leo Watkins','lwatkins@bluegridtech.com','(813) 555-0148','Manages device firmware and diagnostics.','Sandra Lin','sandra.lin@bluegridtech.com','(813) 555-6002','Handles billing cycles and contract renewals.','Brian Ellis','bellis@bluegridtech.com','(813) 555-8787','Oversees installation and maintenance appointments.','2025-06-17 21:26:35.325 +00:00','2025-06-17 21:26:35.325 +00:00');
INSERT INTO system_organizations VALUES('f5bb5b7d-97e2-414a-b265-057b10321e79','Vantico Systems','Network infrastructure consulting for mid-sized enterprises','309 West Elm Street, Fort Worth, TX 76104','(817) 555-6027','3cab3a43-1dc6-43df-ba61-34664b2a1267','Priya Mehta','pmehta@vantico.io','(817) 555-2210','Specializes in VLAN design and security compliance.','Jerome Fields','jfields@vantico.io','(817) 555-0094','Manages purchase orders and financial records.','Carla Nguyen','cnguyen@vantico.io','(817) 555-1942','Books on-site audits and review sessions.','2025-06-17 21:26:35.342 +00:00','2025-06-17 21:26:35.342 +00:00');
INSERT INTO system_organizations VALUES('d11f5a17-3b5b-4a6f-96ec-77616e730cea',' Taming IT',' The MEAD parent Company','','','a0ec3f73-65f5-41b6-b222-894443bc8a14','','','','','','','','','','','','','2025-06-17 21:26:35.362 +00:00','2025-06-17 21:26:35.362 +00:00');
CREATE TABLE `system_groups` (`groupID` UUIDV4 PRIMARY KEY, `organizationid` UUIDV4, `name` VARCHAR(255) NOT NULL, `description` VARCHAR(1024), `createdAt` DATETIME NOT NULL, `updatedAt` DATETIME NOT NULL);
INSERT INTO system_groups VALUES('6c7a6187-9871-4a3d-ae35-15e534002163',NULL,' meadadmin',' MEAD Administrators (Everything)','2025-06-17 21:26:35.554 +00:00','2025-06-17 21:26:35.554 +00:00');
INSERT INTO system_groups VALUES('f62ddec6-e81a-4740-bd79-8b0dde5d38e0',NULL,' orgadmin',' Organization Administrators','2025-06-17 21:26:35.571 +00:00','2025-06-17 21:26:35.571 +00:00');
INSERT INTO system_groups VALUES('fe030ecf-e85c-4804-a7c9-0a55e65e1305',NULL,' orguser',' Organization Users','2025-06-17 21:26:35.587 +00:00','2025-06-17 21:26:35.587 +00:00');
CREATE TABLE `system_menus` (`menuID` UUIDV4 PRIMARY KEY, `name` VARCHAR(255) NOT NULL, `displayText` VARCHAR(255) NOT NULL, `iconText` VARCHAR(255), `iconClass` VARCHAR(255), `parent_menu_id` INTEGER, `external_link` VARCHAR(255), `clientPackage` VARCHAR(255), `clientPackageParameters` JSON, `enabled` TINYINT(1) NOT NULL DEFAULT 1, `debug` TINYINT(1) NOT NULL DEFAULT 0, `production` TINYINT(1) NOT NULL DEFAULT 1, `stackID` UUIDV4 REFERENCES `system_stacks` (`stackId`) ON DELETE SET NULL ON UPDATE CASCADE, `createdAt` DATETIME NOT NULL, `updatedAt` DATETIME NOT NULL);
INSERT INTO system_menus VALUES('6623f0c9-919a-427a-9677-9f96cb18aec2','Administration','Administration',NULL,NULL,NULL,NULL,NULL,NULL,1,0,1,NULL,'2025-06-17 21:26:36.941 +00:00','2025-06-17 21:26:36.941 +00:00');
INSERT INTO system_menus VALUES('f7c9394e-d3ce-4578-b914-3d4dc77f187b','users','User Security',NULL,NULL,'6623f0c9-919a-427a-9677-9f96cb18aec2',NULL,'system.user-management','{}',1,0,1,'65ab9f06-d403-4943-a7c7-50db46d55ddf','2025-06-17 21:26:36.959 +00:00','2025-06-17 21:26:36.959 +00:00');
INSERT INTO system_menus VALUES('fcd373da-e828-4588-87fa-2e53a05859a8','Security','Security',NULL,NULL,'6623f0c9-919a-427a-9677-9f96cb18aec2',NULL,NULL,NULL,1,0,1,NULL,'2025-06-17 21:26:36.986 +00:00','2025-06-17 21:26:36.986 +00:00');
INSERT INTO system_menus VALUES('bdf41d20-d52e-477f-9093-23be401ee1ee','platform','Platform Configuration',NULL,NULL,'fcd373da-e828-4588-87fa-2e53a05859a8',NULL,'system.platform-config','{}',1,0,1,'65ab9f06-d403-4943-a7c7-50db46d55ddf','2025-06-17 21:26:37.005 +00:00','2025-06-17 21:26:37.005 +00:00');
INSERT INTO system_menus VALUES('313c91e9-ad5f-4bca-9e9d-910e1cc0bdfe','Debug','Debug',NULL,NULL,NULL,NULL,NULL,NULL,1,0,1,NULL,'2025-06-17 21:26:37.025 +00:00','2025-06-17 21:26:37.025 +00:00');
INSERT INTO system_menus VALUES('9987734c-7f74-4c68-ae5d-2846f352b6e6','Raw Data','Raw Data',NULL,NULL,'313c91e9-ad5f-4bca-9e9d-910e1cc0bdfe',NULL,'system.uiMenu','{"subMenu":"models"}',1,0,1,'65ab9f06-d403-4943-a7c7-50db46d55ddf','2025-06-17 21:26:37.046 +00:00','2025-06-17 21:26:37.046 +00:00');
INSERT INTO system_menus VALUES('f8dccd66-10a6-43b2-8141-5000b16da44f','Settings','Settings',NULL,NULL,NULL,NULL,NULL,NULL,1,0,1,NULL,'2025-06-17 21:26:37.064 +00:00','2025-06-17 21:26:37.064 +00:00');
INSERT INTO system_menus VALUES('edd4ed4b-fa92-4cd2-98c6-bdb59a06f77d','mead-config','MEAD Configuration',NULL,NULL,'f8dccd66-10a6-43b2-8141-5000b16da44f',NULL,'meadcore.full-config','{}',1,0,1,'f1d585a8-b6d4-4259-b39d-3477b2b9085c','2025-06-17 21:26:37.085 +00:00','2025-06-17 21:26:37.085 +00:00');
INSERT INTO system_menus VALUES('b3f71dfa-b9ed-411a-9718-1fa9491df3ef','Dashboards','Dashboards',NULL,NULL,NULL,NULL,NULL,NULL,1,0,1,NULL,'2025-06-17 21:26:37.104 +00:00','2025-06-17 21:26:37.104 +00:00');
INSERT INTO system_menus VALUES('f69b7338-0fac-45df-aae0-6a02e8fcf819','syslog-dashboard','Syslog Dashboard',NULL,NULL,'b3f71dfa-b9ed-411a-9718-1fa9491df3ef',NULL,'syslog.log-dashboard','{}',1,0,1,'532a1f7e-7ada-4523-b771-f34f37e1f20d','2025-06-17 21:26:37.121 +00:00','2025-06-17 21:26:37.121 +00:00');
CREATE TABLE `system_group_menus` (`organizationID` UUIDV4, `groupID` UUIDV4 NOT NULL REFERENCES `system_groups` (`groupID`) ON DELETE NO ACTION ON UPDATE CASCADE, `menuID` UUIDV4 NOT NULL REFERENCES `system_menus` (`menuID`) ON DELETE CASCADE ON UPDATE CASCADE, `accessLevel` INTEGER NOT NULL, `createdAt` DATETIME NOT NULL, `updatedAt` DATETIME NOT NULL, UNIQUE (`groupID`, `menuID`), PRIMARY KEY (`groupID`, `menuID`));
CREATE TABLE `system_users` (`userID` UUIDV4 PRIMARY KEY, `username` VARCHAR(255) NOT NULL UNIQUE, `email` VARCHAR(255), `password` VARCHAR(255) NOT NULL, `passwordPlainText` VARCHAR(255), `description` VARCHAR(1024), `totp_key` VARCHAR(255), `locked` TINYINT(1) NOT NULL DEFAULT 0, `last_login` DATETIME, `organizationID` UUIDV4 NOT NULL REFERENCES `system_organizations` (`organizationID`) ON DELETE NO ACTION ON UPDATE CASCADE, `createdAt` DATETIME NOT NULL, `updatedAt` DATETIME NOT NULL);
INSERT INTO system_users VALUES('a0ec3f73-65f5-41b6-b222-894443bc8a14','admin','admin@example.com','$2b$12$P34sUBpvrm/Sl6zDukW7T.wvZiLdjgVa9YopLYUObTbTOvWN9X.zu','Passw0rd!','MEAD Administrator with full access to everything',NULL,0,NULL,'d11f5a17-3b5b-4a6f-96ec-77616e730cea','2025-06-17 21:26:35.381 +00:00','2025-06-17 21:26:35.381 +00:00');
INSERT INTO system_users VALUES('cf40da73-4c13-4497-89cf-212ffdef0659','jchen','jchen@nexora.com','$2b$12$rcsjSrnKQELDQSLfXJyjqOUX8FejrSn.AcX20Dr/UwgHORCxJBM4W','cloud123','Handles cloud integration and backend infrastructure.',NULL,0,NULL,'8248c465-3713-4a71-a025-67d5bcd181ad','2025-06-17 21:26:35.402 +00:00','2025-06-17 21:26:35.402 +00:00');
INSERT INTO system_users VALUES('981894dd-21d3-4b5c-a809-a16339637373','mredford','mredford@nexora.com','$2b$12$0G38IJEUS6RMIMWJ7Hk4OuGB.dz1vONbIj42ydCjg.PwmdMkD2gvq','billing456','Contact for invoicing and payment issues.',NULL,0,NULL,'8248c465-3713-4a71-a025-67d5bcd181ad','2025-06-17 21:26:35.418 +00:00','2025-06-17 21:26:35.418 +00:00');
INSERT INTO system_users VALUES('bcc9353f-6489-4a69-a60a-f099b4dfc981','adominguez','adominguez@nexora.com','$2b$12$Cjejm.uHsjv/AqkWiYxqzeKSMY9wtHuj8k2Zzl/Gf.IicolFa6uOS','schedule789','Coordinates system update and deployment timelines.',NULL,1,NULL,'8248c465-3713-4a71-a025-67d5bcd181ad','2025-06-17 21:26:35.435 +00:00','2025-06-17 21:26:35.435 +00:00');
INSERT INTO system_users VALUES('b9eb34a3-246d-4674-a9bf-db477e20ce2e','lwatkins','lwatkins@bluegridtech.com','$2b$12$wCC.8M9xSuIsNUqP7985FO8JhSCM6.I7iQlKZTgXLR1PLV4jsWKpS','iot321','Manages device firmware and diagnostics.',NULL,1,NULL,'49d06aa0-8567-439c-a118-4707cacd3737','2025-06-17 21:26:35.452 +00:00','2025-06-17 21:26:35.452 +00:00');
INSERT INTO system_users VALUES('76e79c30-f74e-48d5-80fb-2eeb54045890','sandra.lin','sandra.lin@bluegridtech.com','$2b$12$cufmx20ITq8RjgM9iUA42eAuHRCdi0bM67L9A4Wn98IGuWsyS4ima','billme','Handles billing cycles and contract renewals.',NULL,0,NULL,'49d06aa0-8567-439c-a118-4707cacd3737','2025-06-17 21:26:35.471 +00:00','2025-06-17 21:26:35.471 +00:00');
INSERT INTO system_users VALUES('41377786-8127-40f0-85bf-c0e42b910457','bellis','bellis@bluegridtech.com','$2b$12$5nX0qfpsDPIf2BHVuN8kle2k/MfYV/bm8AyuzUvJgOYY4huSskdQa','installnow','Oversees installation and maintenance appointments.',NULL,0,NULL,'49d06aa0-8567-439c-a118-4707cacd3737','2025-06-17 21:26:35.487 +00:00','2025-06-17 21:26:35.487 +00:00');
INSERT INTO system_users VALUES('3cab3a43-1dc6-43df-ba61-34664b2a1267','pmehta','pmehta@vantico.io','$2b$12$0X7r.XDVfviw445Nbqz51.ZVzCW/5fBZyPvYi8OthX3Xi.GjqFKNC','networking!','Specializes in VLAN design and security compliance.',NULL,0,NULL,'f5bb5b7d-97e2-414a-b265-057b10321e79','2025-06-17 21:26:35.502 +00:00','2025-06-17 21:26:35.502 +00:00');
INSERT INTO system_users VALUES('54dc3da6-a460-4cc4-af16-03781cf10ff3','jfields','jfields@vantico.io','$2b$12$P6ZiKw50R/4Qe5qOSHkRgOhdzxYzD0.clkVRs5hGeUywVNdunobvO','fintrack','Manages purchase orders and financial records.',NULL,1,NULL,'f5bb5b7d-97e2-414a-b265-057b10321e79','2025-06-17 21:26:35.519 +00:00','2025-06-17 21:26:35.519 +00:00');
INSERT INTO system_users VALUES('074bcafe-0b33-44a4-a847-7da0a6b77185','cnguyen','cnguyen@vantico.io','$2b$12$0QOqlnL8ojf3QgkpN/kXnebr9LLl/yYOcW88g9JTVNiEWvvbuHf8a','audits123','Books on-site audits and review sessions.',NULL,0,NULL,'f5bb5b7d-97e2-414a-b265-057b10321e79','2025-06-17 21:26:35.536 +00:00','2025-06-17 21:26:35.536 +00:00');
CREATE TABLE `system_group_users` (`groupID` UUIDV4 NOT NULL REFERENCES `system_groups` (`groupID`) ON DELETE NO ACTION ON UPDATE CASCADE, `userID` UUIDV4 NOT NULL REFERENCES `system_users` (`userID`) ON DELETE CASCADE ON UPDATE CASCADE, `createdAt` DATETIME NOT NULL, `updatedAt` DATETIME NOT NULL, UNIQUE (`groupID`, `userID`), PRIMARY KEY (`groupID`, `userID`));
INSERT INTO system_group_users VALUES('6c7a6187-9871-4a3d-ae35-15e534002163','a0ec3f73-65f5-41b6-b222-894443bc8a14','2025-06-17 21:26:35.605 +00:00','2025-06-17 21:26:35.605 +00:00');
INSERT INTO system_group_users VALUES('f62ddec6-e81a-4740-bd79-8b0dde5d38e0','cf40da73-4c13-4497-89cf-212ffdef0659','2025-06-17 21:26:35.624 +00:00','2025-06-17 21:26:35.624 +00:00');
INSERT INTO system_group_users VALUES('fe030ecf-e85c-4804-a7c9-0a55e65e1305','981894dd-21d3-4b5c-a809-a16339637373','2025-06-17 21:26:35.641 +00:00','2025-06-17 21:26:35.641 +00:00');
INSERT INTO system_group_users VALUES('fe030ecf-e85c-4804-a7c9-0a55e65e1305','bcc9353f-6489-4a69-a60a-f099b4dfc981','2025-06-17 21:26:35.657 +00:00','2025-06-17 21:26:35.657 +00:00');
INSERT INTO system_group_users VALUES('f62ddec6-e81a-4740-bd79-8b0dde5d38e0','b9eb34a3-246d-4674-a9bf-db477e20ce2e','2025-06-17 21:26:35.676 +00:00','2025-06-17 21:26:35.676 +00:00');
INSERT INTO system_group_users VALUES('fe030ecf-e85c-4804-a7c9-0a55e65e1305','76e79c30-f74e-48d5-80fb-2eeb54045890','2025-06-17 21:26:35.692 +00:00','2025-06-17 21:26:35.692 +00:00');
INSERT INTO system_group_users VALUES('fe030ecf-e85c-4804-a7c9-0a55e65e1305','41377786-8127-40f0-85bf-c0e42b910457','2025-06-17 21:26:35.709 +00:00','2025-06-17 21:26:35.709 +00:00');
INSERT INTO system_group_users VALUES('f62ddec6-e81a-4740-bd79-8b0dde5d38e0','3cab3a43-1dc6-43df-ba61-34664b2a1267','2025-06-17 21:26:35.724 +00:00','2025-06-17 21:26:35.724 +00:00');
INSERT INTO system_group_users VALUES('fe030ecf-e85c-4804-a7c9-0a55e65e1305','54dc3da6-a460-4cc4-af16-03781cf10ff3','2025-06-17 21:26:35.741 +00:00','2025-06-17 21:26:35.741 +00:00');
INSERT INTO system_group_users VALUES('fe030ecf-e85c-4804-a7c9-0a55e65e1305','074bcafe-0b33-44a4-a847-7da0a6b77185','2025-06-17 21:26:35.756 +00:00','2025-06-17 21:26:35.756 +00:00');
CREATE TABLE `meadcore_devices` (`deviceID` UUIDV4 PRIMARY KEY, `locationID` UUIDV4 DEFAULT NULL, `baseIPv4` INET DEFAULT NULL, `baseIPv6` INET DEFAULT NULL, `baseMAC` MACADDR DEFAULT NULL, `deviceName` VARCHAR(255) DEFAULT 'New Device', `manufacturer` VARCHAR(255) DEFAULT NULL, `model` VARCHAR(255) DEFAULT NULL, `serialNumber` VARCHAR(255) DEFAULT NULL, `assetTag` VARCHAR(255) DEFAULT NULL, `deviceType` VARCHAR(255) DEFAULT NULL, `LastDetected` DATETIME DEFAULT NULL, `createdAt` DATETIME NOT NULL, `updatedAt` DATETIME NOT NULL);
CREATE TABLE `meadcore_interfaces` (`interfaceID` UUIDV4 PRIMARY KEY, `deviceID` UUIDV4 NOT NULL, `name` VARCHAR(255) NOT NULL, `description` TEXT, `defaultIPv4AddressID` INTEGER, `defaultIPv6AddressID` INTEGER, `lastSeenAt` DATETIME, `createdAt` DATETIME NOT NULL, `updatedAt` DATETIME NOT NULL);
CREATE TABLE `meadcore_interfaceaddresses` (`addressID` UUIDV4 PRIMARY KEY, `interfaceID` UUIDV4 NOT NULL, `ipAddress` VARCHAR(255) NOT NULL, `isIPv6` TINYINT(1) NOT NULL, `lastSeenAt` DATETIME, `createdAt` DATETIME NOT NULL, `updatedAt` DATETIME NOT NULL);
CREATE TABLE `meadcore_interfaceconnections` (`connectionID` UUIDV4 PRIMARY KEY, `interfaceAID` UUIDV4 NOT NULL, `interfaceBID` UUIDV4 NOT NULL, `connectionTypeID` INTEGER NOT NULL, `speedMbps` INTEGER, `lastSeenAt` DATETIME, `createdAt` DATETIME NOT NULL, `updatedAt` DATETIME NOT NULL);
CREATE TABLE `meadcore_interfacevlanassignments` (`assignmentID` UUIDV4 PRIMARY KEY, `interfaceID` UUIDV4 NOT NULL, `vlanID` UUIDV4 NOT NULL, `isTagged` TINYINT(1) NOT NULL, `lastSeenAt` DATETIME, `createdAt` DATETIME NOT NULL, `updatedAt` DATETIME NOT NULL);
CREATE TABLE `meadcore_locations` (`locationID` UUIDV4 PRIMARY KEY, `organizationID` UUIDV4 NOT NULL, `name` VARCHAR(255) NOT NULL, `ownerUserID` UUIDV4 NOT NULL, `address` VARCHAR(255), `latitude` FLOAT, `longitude` FLOAT, `technicalContact` VARCHAR(255), `technicalContactEmail` VARCHAR(255), `technicalContactPhone` VARCHAR(255), `technicalContactNotes` TEXT, `billingContact` VARCHAR(255), `billingContactEmail` VARCHAR(255), `billingContactPhone` VARCHAR(255), `billingContactNotes` TEXT, `schedulingContact` VARCHAR(255), `schedulingContactEmail` VARCHAR(255), `schedulingContactPhone` VARCHAR(255), `schedulingContactNotes` TEXT, `createdAt` DATETIME NOT NULL, `updatedAt` DATETIME NOT NULL);
INSERT INTO meadcore_locations VALUES('795c6298-7bf6-47c7-9a16-c99439f9993c','d11f5a17-3b5b-4a6f-96ec-77616e730cea','Corporate Headquarters','a0ec3f73-65f5-41b6-b222-894443bc8a14','477 Miller Ridge Apt. 795, Texarkana, TX 76074',44.445214,-72.57654100000000597,NULL,NULL,NULL,NULL,NULL,NULL,NULL,NULL,NULL,NULL,NULL,NULL,'2025-06-17 21:26:35.949 +00:00','2025-06-17 21:26:35.949 +00:00');
INSERT INTO meadcore_locations VALUES('88767b74-cce7-4ba2-b86c-c3fc7d67bcd9','49d06aa0-8567-439c-a118-4707cacd3737','Site 2','b9eb34a3-246d-4674-a9bf-db477e20ce2e','60975 Jessica Squares, Little Rock, AR 73121',36.43832700000000102,-90.74722400000000277,NULL,NULL,NULL,NULL,NULL,NULL,NULL,NULL,NULL,NULL,NULL,NULL,'2025-06-17 21:26:35.965 +00:00','2025-06-17 21:26:35.965 +00:00');
INSERT INTO meadcore_locations VALUES('915b2e80-5138-4962-9aef-045d4ffe9202','49d06aa0-8567-439c-a118-4707cacd3737','Site 3','b9eb34a3-246d-4674-a9bf-db477e20ce2e','93328 Davis Island, Memphis, TN 38971',46.79470899999999745,-95.2328490000000016,NULL,NULL,NULL,NULL,NULL,NULL,NULL,NULL,NULL,NULL,NULL,NULL,'2025-06-17 21:26:35.980 +00:00','2025-06-17 21:26:35.980 +00:00');
INSERT INTO meadcore_locations VALUES('e30f267d-b554-4914-a9b0-03e5689774af','49d06aa0-8567-439c-a118-4707cacd3737','Site 4','b9eb34a3-246d-4674-a9bf-db477e20ce2e','48418 Olsen Plains Apt. 989, St. Louis, MO 63801',31.76410800000000023,-80.91916000000000508,NULL,NULL,NULL,NULL,NULL,NULL,NULL,NULL,NULL,NULL,NULL,NULL,'2025-06-17 21:26:35.996 +00:00','2025-06-17 21:26:35.996 +00:00');
INSERT INTO meadcore_locations VALUES('9f37eac1-e839-450e-9fba-a198a7a4a7eb','8248c465-3713-4a71-a025-67d5bcd181ad','Corporate','cf40da73-4c13-4497-89cf-212ffdef0659','12201 Massey Pine Suite 833, Texarkana, TX 75984',46.83391000000000303,-67.98122800000000154,NULL,NULL,NULL,NULL,NULL,NULL,NULL,NULL,NULL,NULL,NULL,NULL,'2025-06-17 21:26:36.012 +00:00','2025-06-17 21:26:36.012 +00:00');
INSERT INTO meadcore_locations VALUES('16b5fd32-7139-496b-ae29-ec3613647559','49d06aa0-8567-439c-a118-4707cacd3737','Corporate','b9eb34a3-246d-4674-a9bf-db477e20ce2e','1965 Kelly Field Apt. 094, Texarkana, TX 75839',39.84085600000000226,-109.7211389999999938,NULL,NULL,NULL,NULL,NULL,NULL,NULL,NULL,NULL,NULL,NULL,NULL,'2025-06-17 21:26:36.029 +00:00','2025-06-17 21:26:36.029 +00:00');
INSERT INTO meadcore_locations VALUES('31d55320-d0de-42bf-9cb5-c2a7549a16de','8248c465-3713-4a71-a025-67d5bcd181ad','Sales Pit','cf40da73-4c13-4497-89cf-212ffdef0659','8379 Randall Estates Suite 120, Oklahoma City, OK, 73120',35.46755999999999887,-97.5164280000000047,NULL,NULL,NULL,NULL,NULL,NULL,NULL,NULL,NULL,NULL,NULL,NULL,'2025-06-17 21:26:36.048 +00:00','2025-06-17 21:26:36.048 +00:00');
INSERT INTO meadcore_locations VALUES('260a23ee-a787-4001-a4de-79a601bbe451','f5bb5b7d-97e2-414a-b265-057b10321e79','San Diego','3cab3a43-1dc6-43df-ba61-34664b2a1267','0487 Hull Village Suite 759, San Diego, CA 92418',45.26612399999999781,-80.7965990000000005,NULL,NULL,NULL,NULL,NULL,NULL,NULL,NULL,NULL,NULL,NULL,NULL,'2025-06-17 21:26:36.066 +00:00','2025-06-17 21:26:36.066 +00:00');
INSERT INTO meadcore_locations VALUES('c48b4177-92bc-40dd-85f0-535485f63f63','f5bb5b7d-97e2-414a-b265-057b10321e79','Houston','3cab3a43-1dc6-43df-ba61-34664b2a1267','242 Christine Glen, Houston, TX 77102',35.09371800000000264,-109.2417449999999946,NULL,NULL,NULL,NULL,NULL,NULL,NULL,NULL,NULL,NULL,NULL,NULL,'2025-06-17 21:26:36.092 +00:00','2025-06-17 21:26:36.092 +00:00');
INSERT INTO meadcore_locations VALUES('3fd7d3a5-c07d-4180-a31e-f860c194348a','f5bb5b7d-97e2-414a-b265-057b10321e79','New York','3cab3a43-1dc6-43df-ba61-34664b2a1267','1157 Michael Island, New York, NY 10748',37.27059299999999809,-100.918754000000007,NULL,NULL,NULL,NULL,NULL,NULL,NULL,NULL,NULL,NULL,NULL,NULL,'2025-06-17 21:26:36.107 +00:00','2025-06-17 21:26:36.107 +00:00');
INSERT INTO meadcore_locations VALUES('18035ab3-ea54-47d4-aa20-2eb98bfef3e8','f5bb5b7d-97e2-414a-b265-057b10321e79','Miami','3cab3a43-1dc6-43df-ba61-34664b2a1267','778 Brown Plaza, Miami, FL 33176',43.81116600000000005,-106.7111749999999973,NULL,NULL,NULL,NULL,NULL,NULL,NULL,NULL,NULL,NULL,NULL,NULL,'2025-06-17 21:26:36.124 +00:00','2025-06-17 21:26:36.124 +00:00');
CREATE TABLE `meadcore_lookups` (`lookupID` UUIDV4 PRIMARY KEY, `lookupInt` INTEGER NOT NULL, `category` VARCHAR(255) NOT NULL, `code` VARCHAR(255) NOT NULL, `name` VARCHAR(255) NOT NULL, `description` TEXT, `lastSeenAt` DATETIME, `createdAt` DATETIME NOT NULL, `updatedAt` DATETIME NOT NULL);
INSERT INTO meadcore_lookups VALUES('96255dc8-2c18-4295-a807-bf3e33089c2b',0,'security_level','public_guest','Public / Guest','Open or auth-only (e.g., guest Wi-Fi)',NULL,'2025-06-17 21:26:35.774 +00:00','2025-06-17 21:26:35.774 +00:00');
INSERT INTO meadcore_lookups VALUES('54ee7160-20bc-4a38-b38b-1ab961252766',20,'security_level','internal_user','Internal General User','Standard employee/user traffic',NULL,'2025-06-17 21:26:35.791 +00:00','2025-06-17 21:26:35.791 +00:00');
INSERT INTO meadcore_lookups VALUES('c7a8301d-82cd-4eb6-8a6a-78e672354988',40,'security_level','internal_sens','Internal Sensitive','HR, Finance, PII/PCI systems',NULL,'2025-06-17 21:26:35.806 +00:00','2025-06-17 21:26:35.806 +00:00');
INSERT INTO meadcore_lookups VALUES('816ce55f-7b5a-434e-9f98-78fcf7e312a0',60,'security_level','admin_only','Admin-only','Admin access only',NULL,'2025-06-17 21:26:35.821 +00:00','2025-06-17 21:26:35.821 +00:00');
INSERT INTO meadcore_lookups VALUES('aad0a3cd-bb89-4552-b2cd-aeec1ba2ef44',80,'security_level','mgmt_net','Management Network','OOB device management',NULL,'2025-06-17 21:26:35.836 +00:00','2025-06-17 21:26:35.836 +00:00');
INSERT INTO meadcore_lookups VALUES('1061d8f3-6264-4fa6-aa1c-eda5b64c70cd',100,'security_level','high_sec','High Security / Secure Ops','Critical infrastructure, SOC, etc.',NULL,'2025-06-17 21:26:35.852 +00:00','2025-06-17 21:26:35.852 +00:00');
INSERT INTO meadcore_lookups VALUES('ff3a897e-f427-4552-9137-3c4e89877366',1,'connection_type','wired','Wired','Ethernet, Fiber, etc.',NULL,'2025-06-17 21:26:35.868 +00:00','2025-06-17 21:26:35.868 +00:00');
INSERT INTO meadcore_lookups VALUES('f4ed07ff-6bad-432d-a4b8-e7dd09c94bca',2,'connection_type','wireless','Wireless','Wi-Fi, 802.11x',NULL,'2025-06-17 21:26:35.885 +00:00','2025-06-17 21:26:35.885 +00:00');
INSERT INTO meadcore_lookups VALUES('effeb0d1-f390-4fed-b593-5c40fe2a317c',3,'connection_type','lldp','LLDP Discovery','Discovered via LLDP',NULL,'2025-06-17 21:26:35.901 +00:00','2025-06-17 21:26:35.901 +00:00');
INSERT INTO meadcore_lookups VALUES('5a5f9261-a70c-4e42-be03-dccee51da841',4,'connection_type','cdp','CDP Discovery','Discovered via Cisco Discovery Protocol',NULL,'2025-06-17 21:26:35.917 +00:00','2025-06-17 21:26:35.917 +00:00');
INSERT INTO meadcore_lookups VALUES('ec3a1646-e860-4068-89d1-0223cd5ec2b4',5,'connection_type','manual','Manual','Entered manually',NULL,'2025-06-17 21:26:35.932 +00:00','2025-06-17 21:26:35.932 +00:00');
CREATE TABLE `meadcore_networks` (`networkID` UUIDV4 PRIMARY KEY, `locationID` UUIDV4 NOT NULL, `vlanID` UUIDV4 NOT NULL, `name` VARCHAR(255), `description` TEXT, `ipv4Cidr` VARCHAR(255) NOT NULL, `ipv4DefaultGateway` VARCHAR(255), `ipv4DefaultDnsServers` VARCHAR(255), `ipv6Cidr` VARCHAR(255), `ipv6DefaultGateway` VARCHAR(255), `ipv6DnsServers` VARCHAR(255), `lastSeenAt` DATETIME, `createdAt` DATETIME NOT NULL, `updatedAt` DATETIME NOT NULL);
INSERT INTO meadcore_networks VALUES('186b357a-6ce1-46e8-9ed2-11b65c9cce0b','88767b74-cce7-4ba2-b86c-c3fc7d67bcd9','ddd3e3fa-1a11-40cd-8654-012bf314091e  ','Site 2 - internal','','192.168.11.0/24','192.168.11.1','[192.168.2.11,192.168.13.11]',NULL,NULL,NULL,NULL,'2025-06-17 21:26:36.385 +00:00','2025-06-17 21:26:36.385 +00:00');
INSERT INTO meadcore_networks VALUES('92c742f4-ef34-4ccf-9421-27169fa3294e','88767b74-cce7-4ba2-b86c-c3fc7d67bcd9','1796a73e-9892-4cb4-8b4a-d92be6d68a3b  ','Site 2 - utility','','192.168.12.0/24','192.168.12.1','[192.168.2.11,192.168.13.11]',NULL,NULL,NULL,NULL,'2025-06-17 21:26:36.401 +00:00','2025-06-17 21:26:36.401 +00:00');
INSERT INTO meadcore_networks VALUES('f10f4cf1-ef08-4f04-bc31-f17606e1e4d4','88767b74-cce7-4ba2-b86c-c3fc7d67bcd9','b8d509f2-9fbd-4b5d-a04d-bf874a13ab8f  ','Site 2 - server','','192.168.13.0/24','192.168.13.1','[192.168.2.11,192.168.13.11]',NULL,NULL,NULL,NULL,'2025-06-17 21:26:36.415 +00:00','2025-06-17 21:26:36.415 +00:00');
INSERT INTO meadcore_networks VALUES('ad6450c3-315f-43bf-8e91-29a91247ba52','88767b74-cce7-4ba2-b86c-c3fc7d67bcd9','b1bb0db1-31df-4d36-9104-1fe34567f41b  ','Site 2 - plc','','192.168.14.0/24','192.168.14.1','[192.168.2.11,192.168.13.11]',NULL,NULL,NULL,NULL,'2025-06-17 21:26:36.430 +00:00','2025-06-17 21:26:36.430 +00:00');
INSERT INTO meadcore_networks VALUES('816c2408-021d-4433-b38c-2e9e366541fd','88767b74-cce7-4ba2-b86c-c3fc7d67bcd9','e214233a-4e4e-4bcb-96ed-5a007f7aa384  ','Site 2 - cameras','','192.168.15.0/24','192.168.15.1','[192.168.2.11,192.168.13.11]',NULL,NULL,NULL,NULL,'2025-06-17 21:26:36.446 +00:00','2025-06-17 21:26:36.446 +00:00');
INSERT INTO meadcore_networks VALUES('e03a95c7-874a-4548-86e3-c8ca862aab16','915b2e80-5138-4962-9aef-045d4ffe9202','ddd3e3fa-1a11-40cd-8654-012bf314091e  ','Site 3 - internal','','192.168.21.0/24','192.168.21.1','[192.168.2.11,192.168.13.11]',NULL,NULL,NULL,NULL,'2025-06-17 21:26:36.463 +00:00','2025-06-17 21:26:36.463 +00:00');
INSERT INTO meadcore_networks VALUES('c4498540-b98a-47e1-a18e-a84a2bef5c71','915b2e80-5138-4962-9aef-045d4ffe9202','1796a73e-9892-4cb4-8b4a-d92be6d68a3b  ','Site 3 - utility','','192.168.22.0/24','192.168.22.1','[192.168.2.11,192.168.13.11]',NULL,NULL,NULL,NULL,'2025-06-17 21:26:36.478 +00:00','2025-06-17 21:26:36.478 +00:00');
INSERT INTO meadcore_networks VALUES('714ad5f2-cbae-48ae-89da-60cb5fe37a62','915b2e80-5138-4962-9aef-045d4ffe9202','b8d509f2-9fbd-4b5d-a04d-bf874a13ab8f  ','Site 3 - server','','192.168.23.0/24','192.168.23.1','[192.168.2.11,192.168.13.11]',NULL,NULL,NULL,NULL,'2025-06-17 21:26:36.492 +00:00','2025-06-17 21:26:36.492 +00:00');
INSERT INTO meadcore_networks VALUES('c57d42bb-2bc3-4a37-9cad-42ce9c5e8612','915b2e80-5138-4962-9aef-045d4ffe9202','b1bb0db1-31df-4d36-9104-1fe34567f41b  ','Site 3 - plc','','192.168.24.0/24','192.168.24.1','[192.168.2.11,192.168.13.11]',NULL,NULL,NULL,NULL,'2025-06-17 21:26:36.507 +00:00','2025-06-17 21:26:36.507 +00:00');
INSERT INTO meadcore_networks VALUES('a2811997-1a68-401d-8aab-05de26bac1e8','915b2e80-5138-4962-9aef-045d4ffe9202','e214233a-4e4e-4bcb-96ed-5a007f7aa384  ','Site 3 - cameras','','192.168.25.0/24','192.168.25.1','[192.168.2.11,192.168.13.11]',NULL,NULL,NULL,NULL,'2025-06-17 21:26:36.521 +00:00','2025-06-17 21:26:36.521 +00:00');
INSERT INTO meadcore_networks VALUES('c52cda13-c499-4603-942c-fe45ba8609d3','e30f267d-b554-4914-a9b0-03e5689774af','ddd3e3fa-1a11-40cd-8654-012bf314091e  ','Site 4 - internal','','192.168.31.0/24','192.168.31.1','[192.168.2.11,192.168.13.11]',NULL,NULL,NULL,NULL,'2025-06-17 21:26:36.538 +00:00','2025-06-17 21:26:36.538 +00:00');
INSERT INTO meadcore_networks VALUES('2ca5f9d4-c3cf-495e-8cf2-f24d4f9c93b0','e30f267d-b554-4914-a9b0-03e5689774af','1796a73e-9892-4cb4-8b4a-d92be6d68a3b  ','Site 4 - utility','','192.168.32.0/24','192.168.32.1','[192.168.2.11,192.168.13.11]',NULL,NULL,NULL,NULL,'2025-06-17 21:26:36.552 +00:00','2025-06-17 21:26:36.552 +00:00');
INSERT INTO meadcore_networks VALUES('d0d85ab4-d805-4d1d-9ca6-a5e7c2b63410','e30f267d-b554-4914-a9b0-03e5689774af','b8d509f2-9fbd-4b5d-a04d-bf874a13ab8f  ','Site 4 - server','','192.168.33.0/24','192.168.33.1','[192.168.2.11,192.168.13.11]',NULL,NULL,NULL,NULL,'2025-06-17 21:26:36.566 +00:00','2025-06-17 21:26:36.566 +00:00');
INSERT INTO meadcore_networks VALUES('c6b47f6f-df35-449e-99b3-ec06a132ce0f','e30f267d-b554-4914-a9b0-03e5689774af','b1bb0db1-31df-4d36-9104-1fe34567f41b  ','Site 4 - plc','','192.168.34.0/24','192.168.34.1','[192.168.2.11,192.168.13.11]',NULL,NULL,NULL,NULL,'2025-06-17 21:26:36.580 +00:00','2025-06-17 21:26:36.580 +00:00');
INSERT INTO meadcore_networks VALUES('edf83647-9b90-4852-9439-08c9105f2e9b','e30f267d-b554-4914-a9b0-03e5689774af','e214233a-4e4e-4bcb-96ed-5a007f7aa384  ','Site 4 - cameras','','192.168.35.0/24','192.168.35.1','[192.168.2.11,192.168.13.11]',NULL,NULL,NULL,NULL,'2025-06-17 21:26:36.597 +00:00','2025-06-17 21:26:36.597 +00:00');
INSERT INTO meadcore_networks VALUES('3ed2cd67-3046-4025-a2f9-9fa21e412d33','16b5fd32-7139-496b-ae29-ec3613647559','ddd3e3fa-1a11-40cd-8654-012bf314091e  ','Corporate - internal','','192.168.1.0/24','192.168.1.1','[192.168.2.11,192.168.13.11]',NULL,NULL,NULL,NULL,'2025-06-17 21:26:36.611 +00:00','2025-06-17 21:26:36.611 +00:00');
INSERT INTO meadcore_networks VALUES('37ff8e80-5ea2-4657-8a49-eb8b9788cc59','16b5fd32-7139-496b-ae29-ec3613647559','b8d509f2-9fbd-4b5d-a04d-bf874a13ab8f  ','Corporate - server','','192.168.2.0/24','192.168.2.1','[192.168.2.11,192.168.13.11]',NULL,NULL,NULL,NULL,'2025-06-17 21:26:36.627 +00:00','2025-06-17 21:26:36.627 +00:00');
INSERT INTO meadcore_networks VALUES('7c67484f-77fb-43c9-961e-8add8914db65','16b5fd32-7139-496b-ae29-ec3613647559','e214233a-4e4e-4bcb-96ed-5a007f7aa384  ','Corporate - cameras','','192.168.3.0/24','192.168.3.1','[192.168.2.11,192.168.13.11]',NULL,NULL,NULL,NULL,'2025-06-17 21:26:36.642 +00:00','2025-06-17 21:26:36.642 +00:00');
INSERT INTO meadcore_networks VALUES('047dbb66-3b43-4ad1-a9ce-87bdea2ab089','9f37eac1-e839-450e-9fba-a198a7a4a7eb','0f5de6fa-3ab3-4fcb-b5f2-9eb81d90f337  ','Corporate - internal','','10.0.0.0/24','10.0.0.1','[8.8.8.8,8.8.4.4]',NULL,NULL,NULL,NULL,'2025-06-17 21:26:36.656 +00:00','2025-06-17 21:26:36.656 +00:00');
INSERT INTO meadcore_networks VALUES('e6bf1380-06dd-4a27-994c-1e161ef0a20a','9f37eac1-e839-450e-9fba-a198a7a4a7eb','80b594ef-1240-4e68-9bc7-5c2cfba20155  ','Corporate - server','','10.1.0.0/24','10.1.0.1','[8.8.8.8,8.8.4.4]',NULL,NULL,NULL,NULL,'2025-06-17 21:26:36.672 +00:00','2025-06-17 21:26:36.672 +00:00');
INSERT INTO meadcore_networks VALUES('b269552e-e820-40e2-ac26-bcfedba7dd0d','9f37eac1-e839-450e-9fba-a198a7a4a7eb','39b18734-6b94-4e96-9406-98656a4a4ef3  ','Corporate - guest','','192.168.1./24','192.168.1.1','[8.8.8.8,8.8.4.4]',NULL,NULL,NULL,NULL,'2025-06-17 21:26:36.688 +00:00','2025-06-17 21:26:36.688 +00:00');
INSERT INTO meadcore_networks VALUES('8215b5c8-d8a8-4698-a723-a19335bbbbf7','9f37eac1-e839-450e-9fba-a198a7a4a7eb','71642b56-e394-4d30-bf2b-926cc2cd2a2e  ','Corporate - testenv1','','192.168.98.0/24','192.168.98.1','[8.8.8.8,8.8.4.4]',NULL,NULL,NULL,NULL,'2025-06-17 21:26:36.703 +00:00','2025-06-17 21:26:36.703 +00:00');
INSERT INTO meadcore_networks VALUES('290131bf-f041-4fa1-b6a7-ac99b7a21cdb','9f37eac1-e839-450e-9fba-a198a7a4a7eb','052c8329-0a26-4b3d-8bb9-2edc9a06340f  ','Corporate - testenv2','','192.168.99.0/24','192.168.99.1','[8.8.8.8,8.8.4.4]',NULL,NULL,NULL,NULL,'2025-06-17 21:26:36.717 +00:00','2025-06-17 21:26:36.717 +00:00');
INSERT INTO meadcore_networks VALUES('b21115f7-014c-4aa9-b846-5988889995d3','31d55320-d0de-42bf-9cb5-c2a7549a16de','0f5de6fa-3ab3-4fcb-b5f2-9eb81d90f337  ','Sales Pit - internal','','10.0.1.0/24','10.0.1.1','[8.8.8.8,8.8.4.4]',NULL,NULL,NULL,NULL,'2025-06-17 21:26:36.732 +00:00','2025-06-17 21:26:36.732 +00:00');
INSERT INTO meadcore_networks VALUES('52fdef4b-c7c0-4c29-a7e1-174f859834aa','31d55320-d0de-42bf-9cb5-c2a7549a16de','39b18734-6b94-4e96-9406-98656a4a4ef3  ','Sales Pit - guest','','192.168.1.0/24','192.168.1.1','[8.8.8.8,8.8.4.4]',NULL,NULL,NULL,NULL,'2025-06-17 21:26:36.746 +00:00','2025-06-17 21:26:36.746 +00:00');
INSERT INTO meadcore_networks VALUES('977b9298-2a8f-4338-8a74-60053b2188e2','795c6298-7bf6-47c7-9a16-c99439f9993c','f2c15b97-1d2e-49ea-a63a-b3d59aa0d0d9  ','Corporate Headquarters - default','','10.0.42.0/24','10.0.42.1','[8.8.8.8,8.8.4.4]',NULL,NULL,NULL,NULL,'2025-06-17 21:26:36.766 +00:00','2025-06-17 21:26:36.766 +00:00');
INSERT INTO meadcore_networks VALUES('587b6d04-d659-4d99-a2e8-e3d7af204c2f','795c6298-7bf6-47c7-9a16-c99439f9993c','4c82d263-9f43-4c5c-8502-d061a878388f  ','Corporate Headquarters - test','','192.168.99.0/24','192.168.99.1','[8.8.8.8,8.8.4.4]',NULL,NULL,NULL,NULL,'2025-06-17 21:26:36.782 +00:00','2025-06-17 21:26:36.782 +00:00');
INSERT INTO meadcore_networks VALUES('ce01fa5e-b32a-49ee-8b7c-d4c7e02c71a6','795c6298-7bf6-47c7-9a16-c99439f9993c','0c059404-ea00-4bdb-a3b3-1590e1705bb1  ','Corporate Headquarters - demo','','192.168.1.0/24','192.168.1.1','[192.168.1.11,192.168.1.12,192.168.2.11]',NULL,NULL,NULL,NULL,'2025-06-17 21:26:36.798 +00:00','2025-06-17 21:26:36.798 +00:00');
INSERT INTO meadcore_networks VALUES('f772e36c-0168-4635-99bd-bd358e65024c','260a23ee-a787-4001-a4de-79a601bbe451','3dc947e9-b6a3-4b3d-a21a-e9b7a716e4fc  ','San Diego - internal','1','172.16.1.0/24','172.16.1.254','[8.8.8.8,8.8.4.4]',NULL,NULL,NULL,NULL,'2025-06-17 21:26:36.815 +00:00','2025-06-17 21:26:36.815 +00:00');
INSERT INTO meadcore_networks VALUES('1ab0b6bc-39ee-4ad1-9d54-927890c4270e','260a23ee-a787-4001-a4de-79a601bbe451','e5b624f6-2eb2-4c84-87f0-00411f56b4a7  ','San Diego - guest','1','192.168.1.0/24','192.168.1.254','[8.8.8.8,8.8.4.4]',NULL,NULL,NULL,NULL,'2025-06-17 21:26:36.831 +00:00','2025-06-17 21:26:36.831 +00:00');
INSERT INTO meadcore_networks VALUES('d32fef9d-2d95-4ba7-bdbf-e4e32ee1621f','c48b4177-92bc-40dd-85f0-535485f63f63','3dc947e9-b6a3-4b3d-a21a-e9b7a716e4fc  ','Houston - internal','2','172.16.2.0/24','172.16.2.254','[8.8.8.8,8.8.4.4]',NULL,NULL,NULL,NULL,'2025-06-17 21:26:36.846 +00:00','2025-06-17 21:26:36.846 +00:00');
INSERT INTO meadcore_networks VALUES('6f28ace3-47a7-439e-b266-2fc4981e2998','c48b4177-92bc-40dd-85f0-535485f63f63','e5b624f6-2eb2-4c84-87f0-00411f56b4a7  ','Houston - guest','2','192.168.2.0/24','192.168.2.254','[8.8.8.8,8.8.4.4]',NULL,NULL,NULL,NULL,'2025-06-17 21:26:36.861 +00:00','2025-06-17 21:26:36.861 +00:00');
INSERT INTO meadcore_networks VALUES('972a0e3e-acbf-4afa-b7fd-e6afaf4ffab3','3fd7d3a5-c07d-4180-a31e-f860c194348a','3dc947e9-b6a3-4b3d-a21a-e9b7a716e4fc  ','New York - internal','3','172.16.3.0/24','172.16.3.254','[8.8.8.8,8.8.4.4]',NULL,NULL,NULL,NULL,'2025-06-17 21:26:36.876 +00:00','2025-06-17 21:26:36.876 +00:00');
INSERT INTO meadcore_networks VALUES('48aa5cf9-8c1d-4c83-a8d7-c9fc062b5a88','3fd7d3a5-c07d-4180-a31e-f860c194348a','e5b624f6-2eb2-4c84-87f0-00411f56b4a7  ','New York - guest','3','192.168.3.0/24','192.168.3.254','[8.8.8.8,8.8.4.4]',NULL,NULL,NULL,NULL,'2025-06-17 21:26:36.891 +00:00','2025-06-17 21:26:36.891 +00:00');
INSERT INTO meadcore_networks VALUES('b06a33c6-caee-4709-8a2c-4b41a967ad45','18035ab3-ea54-47d4-aa20-2eb98bfef3e8','3dc947e9-b6a3-4b3d-a21a-e9b7a716e4fc  ','Miami - internal','4','172.16.4.0/24','172.16.4.254','[8.8.8.8,8.8.4.4]',NULL,NULL,NULL,NULL,'2025-06-17 21:26:36.906 +00:00','2025-06-17 21:26:36.906 +00:00');
INSERT INTO meadcore_networks VALUES('ce56683d-bccb-4104-b3f5-0812884be6f2','18035ab3-ea54-47d4-aa20-2eb98bfef3e8','e5b624f6-2eb2-4c84-87f0-00411f56b4a7  ','Miami - guest','4','192.168.4.0/24','192.168.4.254','[8.8.8.8,8.8.4.4]',NULL,NULL,NULL,NULL,'2025-06-17 21:26:36.922 +00:00','2025-06-17 21:26:36.922 +00:00');
CREATE TABLE `meadcore_vlans` (`vlanID` UUIDV4 PRIMARY KEY, `organizationID` UUIDV4 NOT NULL, `name` VARCHAR(255), `description` TEXT, `vlan8021qID` INTEGER NOT NULL, `securityLevelID` INTEGER NOT NULL, `lastSeenAt` DATETIME, `createdAt` DATETIME NOT NULL, `updatedAt` DATETIME NOT NULL);
INSERT INTO meadcore_vlans VALUES('f2c15b97-1d2e-49ea-a63a-b3d59aa0d0d9  ','d11f5a17-3b5b-4a6f-96ec-77616e730cea','default','Basic Computer Network For Daily Use',1,100,NULL,'2025-06-17 21:26:36.147 +00:00','2025-06-17 21:26:36.147 +00:00');
INSERT INTO meadcore_vlans VALUES('4c82d263-9f43-4c5c-8502-d061a878388f  ','d11f5a17-3b5b-4a6f-96ec-77616e730cea','test','Test Environment for the dangerous stuff',2,40,NULL,'2025-06-17 21:26:36.163 +00:00','2025-06-17 21:26:36.163 +00:00');
INSERT INTO meadcore_vlans VALUES('0c059404-ea00-4bdb-a3b3-1590e1705bb1  ','d11f5a17-3b5b-4a6f-96ec-77616e730cea','demo','Demonstration Environment',3,60,NULL,'2025-06-17 21:26:36.178 +00:00','2025-06-17 21:26:36.178 +00:00');
INSERT INTO meadcore_vlans VALUES('0f5de6fa-3ab3-4fcb-b5f2-9eb81d90f337  ','8248c465-3713-4a71-a025-67d5bcd181ad','internal','Company Use',1,80,NULL,'2025-06-17 21:26:36.193 +00:00','2025-06-17 21:26:36.193 +00:00');
INSERT INTO meadcore_vlans VALUES('80b594ef-1240-4e68-9bc7-5c2cfba20155  ','8248c465-3713-4a71-a025-67d5bcd181ad','server','Server Core',99,100,NULL,'2025-06-17 21:26:36.210 +00:00','2025-06-17 21:26:36.210 +00:00');
INSERT INTO meadcore_vlans VALUES('39b18734-6b94-4e96-9406-98656a4a4ef3  ','8248c465-3713-4a71-a025-67d5bcd181ad','guest','For Visitors and TV Access',50,10,NULL,'2025-06-17 21:26:36.229 +00:00','2025-06-17 21:26:36.229 +00:00');
INSERT INTO meadcore_vlans VALUES('71642b56-e394-4d30-bf2b-926cc2cd2a2e  ','8248c465-3713-4a71-a025-67d5bcd181ad','testenv1','Simulation of PDC',101,60,NULL,'2025-06-17 21:26:36.247 +00:00','2025-06-17 21:26:36.247 +00:00');
INSERT INTO meadcore_vlans VALUES('052c8329-0a26-4b3d-8bb9-2edc9a06340f  ','8248c465-3713-4a71-a025-67d5bcd181ad','testenv2','Simulation of BDC',102,60,NULL,'2025-06-17 21:26:36.264 +00:00','2025-06-17 21:26:36.264 +00:00');
INSERT INTO meadcore_vlans VALUES('ddd3e3fa-1a11-40cd-8654-012bf314091e  ','49d06aa0-8567-439c-a118-4707cacd3737','internal','Workstation use',5,80,NULL,'2025-06-17 21:26:36.279 +00:00','2025-06-17 21:26:36.279 +00:00');
INSERT INTO meadcore_vlans VALUES('1796a73e-9892-4cb4-8b4a-d92be6d68a3b  ','49d06aa0-8567-439c-a118-4707cacd3737','utility','Thermostats and non-production equipment',10,60,NULL,'2025-06-17 21:26:36.294 +00:00','2025-06-17 21:26:36.294 +00:00');
INSERT INTO meadcore_vlans VALUES('b8d509f2-9fbd-4b5d-a04d-bf874a13ab8f  ','49d06aa0-8567-439c-a118-4707cacd3737','server','Servers for tracking stuffs',32,80,NULL,'2025-06-17 21:26:36.310 +00:00','2025-06-17 21:26:36.310 +00:00');
INSERT INTO meadcore_vlans VALUES('b1bb0db1-31df-4d36-9104-1fe34567f41b  ','49d06aa0-8567-439c-a118-4707cacd3737','plc','Production Equipment',42,100,NULL,'2025-06-17 21:26:36.325 +00:00','2025-06-17 21:26:36.325 +00:00');
INSERT INTO meadcore_vlans VALUES('e214233a-4e4e-4bcb-96ed-5a007f7aa384  ','49d06aa0-8567-439c-a118-4707cacd3737','cameras','DVR and camera system',99,80,NULL,'2025-06-17 21:26:36.339 +00:00','2025-06-17 21:26:36.339 +00:00');
INSERT INTO meadcore_vlans VALUES('3dc947e9-b6a3-4b3d-a21a-e9b7a716e4fc  ','f5bb5b7d-97e2-414a-b265-057b10321e79','internal','Laptops and printers',1,50,NULL,'2025-06-17 21:26:36.355 +00:00','2025-06-17 21:26:36.355 +00:00');
INSERT INTO meadcore_vlans VALUES('e5b624f6-2eb2-4c84-87f0-00411f56b4a7  ','f5bb5b7d-97e2-414a-b265-057b10321e79','guest','',2,20,NULL,'2025-06-17 21:26:36.369 +00:00','2025-06-17 21:26:36.369 +00:00');
CREATE TABLE `snmp_snmpwalks` (`snmpWalkId` UUIDV4 NOT NULL PRIMARY KEY, `deviceId` UUIDV4 NOT NULL, `community` VARCHAR(255) NOT NULL, `requested` DATETIME NOT NULL, `runningOn` VARCHAR(255) NOT NULL, `completed` DATETIME, `rootOID` VARCHAR(255) NOT NULL, `createdAt` DATETIME NOT NULL, `updatedAt` DATETIME NOT NULL);
CREATE TABLE `snmp_snmpwalkvaluelatests` (`id` INTEGER PRIMARY KEY AUTOINCREMENT, `oid` VARCHAR(255) NOT NULL, `value` VARCHAR(255), `valueType` VARCHAR(255), `firstSeen` DATETIME NOT NULL, `lastChange` DATETIME NOT NULL, `lastSeen` DATETIME NOT NULL, `deviceId` UUIDV4 NOT NULL, `snmpWalkId` INTEGER NOT NULL, `changedAmount` FLOAT, `changedSeconds` INTEGER, `createdAt` DATETIME NOT NULL, `updatedAt` DATETIME NOT NULL);
CREATE TABLE `snmp_snmpwalkvaluerunnings` (`id` INTEGER PRIMARY KEY AUTOINCREMENT, `oid` VARCHAR(255) NOT NULL, `value` VARCHAR(255), `valueType` VARCHAR(255), `deviceId` UUIDV4 NOT NULL, `snmpWalkId` INTEGER NOT NULL, `createdAt` DATETIME NOT NULL, `updatedAt` DATETIME NOT NULL);
CREATE TABLE `snmp_snmpwalkvaluehistoricals` (`id` INTEGER PRIMARY KEY AUTOINCREMENT, `oid` VARCHAR(255) NOT NULL, `value` VARCHAR(255), `valueType` VARCHAR(255), `timestamp` DATETIME NOT NULL, `deviceId` UUIDV4 NOT NULL, `snmpWalkId` UUIDV4 NOT NULL, `isNew` TINYINT(1) NOT NULL DEFAULT 1, `isChanged` TINYINT(1) NOT NULL DEFAULT 0, `isRemoved` TINYINT(1) NOT NULL DEFAULT 0, `changedAmount` FLOAT, `changedSeconds` INTEGER, `createdAt` DATETIME NOT NULL, `updatedAt` DATETIME NOT NULL);
CREATE TABLE `syslog_logbatches` (`batchID` UUIDV4 NOT NULL PRIMARY KEY, `collectorID` UUIDV4 NOT NULL, `collectorIP` INET NOT NULL, `batchStartTime` DATETIME, `batchEndTime` DATETIME, `processingByID` UUIDV4, `processingStartTime` DATETIME, `processingEndTime` DATETIME, `totalLines` BIGINT DEFAULT 0, `processedLines` BIGINT DEFAULT 0, `state` SMALLINT NOT NULL DEFAULT 0, `createdAt` DATETIME NOT NULL, `updatedAt` DATETIME NOT NULL);
CREATE TABLE `syslog_logentries` (`logEntryID` INTEGER PRIMARY KEY AUTOINCREMENT, `batchID` UUIDV4 NOT NULL REFERENCES `syslog_logbatches` (`batchID`) ON DELETE NO ACTION ON UPDATE CASCADE, `deviceID` UUIDV4 NOT NULL, `facility` SMALLINT, `severity` SMALLINT, `time` DATETIME, `state` SMALLINT NOT NULL DEFAULT 0, `createdAt` DATETIME NOT NULL, `updatedAt` DATETIME NOT NULL);
CREATE TABLE `syslog_logentrymessages` (`logEntryID` INTEGER PRIMARY KEY REFERENCES `syslog_logentries` (`logEntryID`) ON DELETE NO ACTION ON UPDATE CASCADE, `message` BLOB NOT NULL, `createdAt` DATETIME NOT NULL, `updatedAt` DATETIME NOT NULL);
COMMIT;
